日付,始値,高値,安値,終値,出来高,終値調整値
2014-01-06,469,474,461,463,501000,463
2014-01-07,464,468,455,457,558000,457
2014-01-08,463,465,457,464,305600,464
2014-01-09,465,465,451,456,547400,456
2014-01-10,456,459,452,456,476100,456
2014-01-14,449,455,443,448,517600,448
2014-01-15,456,459,453,459,340700,459
2014-01-16,461,466,457,459,410000,459
2014-01-17,455,462,454,460,343600,460
2014-01-20,462,468,461,468,530900,468
2014-01-21,470,473,468,470,613900,470
2014-01-22,474,475,466,473,555500,473
2014-01-23,475,475,465,467,530100,467
2014-01-24,461,466,452,465,782800,465
2014-01-27,460,464,453,459,944300,459
2014-01-28,465,477,461,473,791800,473
2014-01-29,479,485,474,485,547300,485
2014-01-30,473,478,467,477,568400,477
2014-01-31,481,488,478,484,649800,484
2014-02-03,485,485,468,468,381600,468
2014-02-04,452,454,444,444,885000,444
2014-02-05,443,448,420,435,1168900,435
2014-02-06,441,448,435,440,455900,440
2014-02-07,452,455,449,454,312300,454
2014-02-10,464,464,456,461,280300,461
2014-02-12,465,477,465,476,474700,476
2014-02-13,476,478,470,473,359700,473
2014-02-14,473,476,449,463,345900,463
2014-02-17,463,471,456,470,229500,470
2014-02-18,472,479,468,479,357300,479
2014-02-19,473,475,464,467,228800,467
2014-02-20,468,469,457,460,254800,460
2014-02-21,466,477,461,475,375900,475
2014-02-24,476,482,461,468,234400,468
2014-02-25,476,479,469,479,346000,479
2014-02-26,472,478,469,469,209900,469
2014-02-27,469,469,462,465,231700,465
2014-02-28,464,473,460,470,358300,470
2014-03-03,469,470,460,467,243100,467
2014-03-04,462,471,460,470,202200,470
2014-03-05,477,482,476,480,305700,480
2014-03-06,480,481,473,481,237300,481
2014-03-07,485,485,476,481,296100,481
2014-03-10,477,479,471,476,350800,476
2014-03-11,476,485,475,484,242200,484
2014-03-12,475,477,468,470,387800,470
2014-03-13,470,475,470,472,310700,472
2014-03-14,465,468,456,457,467500,457
2014-03-17,452,461,443,452,593000,452
2014-03-18,465,476,464,467,584800,467
2014-03-19,465,466,451,456,318600,456
2014-03-20,464,477,464,470,733500,470
2014-03-24,475,489,455,461,1040500,461
2014-03-25,461,463,452,462,589700,462
2014-03-26,462,464,457,460,312000,460
2014-03-27,460,461,446,453,489200,453
2014-03-28,452,459,446,458,326800,458
2014-03-31,462,463,455,462,183500,462
2014-04-01,465,470,460,466,213500,466
2014-04-02,469,473,463,467,235900,467
2014-04-03,466,477,464,476,374700,476
2014-04-04,472,483,472,482,388900,482
2014-04-07,481,492,479,486,832700,486
2014-04-08,485,486,468,473,385500,473
2014-04-09,463,471,462,463,313100,463
2014-04-10,471,489,471,485,763100,485
2014-04-11,475,483,471,473,526700,473
2014-04-14,468,478,467,471,260400,471
2014-04-15,474,479,469,471,210800,471
2014-04-16,475,492,475,491,382800,491
2014-04-17,493,495,488,490,266600,490
2014-04-18,494,510,490,505,575700,505
2014-04-21,509,525,508,517,739100,517
2014-04-22,520,526,510,513,454300,513
2014-04-23,516,523,514,521,293300,521
2014-04-24,519,523,514,523,413100,523
2014-04-25,519,519,502,505,521500,505
2014-04-28,498,507,496,505,214500,505
2014-04-30,512,521,510,520,522000,520
2014-05-01,523,524,519,523,407300,523
2014-05-02,518,525,518,525,444300,525
2014-05-07,517,526,514,518,555300,518
2014-05-08,524,542,517,520,1715700,520
2014-05-09,512,516,495,497,737000,497
2014-05-12,495,499,485,486,244400,486
2014-05-13,491,499,487,499,309100,499
2014-05-14,498,504,494,501,329300,501
2014-05-15,497,502,488,498,310500,498
2014-05-16,493,493,477,483,473400,483
2014-05-19,485,488,479,481,200300,481
2014-05-20,480,487,474,483,261100,483
2014-05-21,476,482,470,481,346000,481
2014-05-22,483,487,478,486,291000,486
2014-05-23,492,504,489,496,537800,496
2014-05-26,503,503,487,493,498400,493
2014-05-27,493,494,485,487,418500,487
2014-05-28,495,498,487,493,478200,493
2014-05-29,491,491,482,485,526600,485
2014-05-30,488,490,477,479,687900,479
2014-06-02,483,487,480,482,372100,482
2014-06-03,482,485,477,479,669600,479
2014-06-04,479,482,478,481,411300,481
2014-06-05,482,484,474,477,403800,477
2014-06-06,482,486,479,483,482200,483
2014-06-09,484,485,476,478,374400,478
2014-06-10,480,486,478,483,438400,483
2014-06-11,483,497,483,496,534500,496
2014-06-12,492,497,487,494,344100,494
2014-06-13,494,516,494,514,1077800,514
2014-06-16,512,513,498,504,490000,504
2014-06-17,504,509,499,506,236000,506
2014-06-18,503,505,494,498,381000,498
2014-06-19,498,500,493,494,487900,494
2014-06-20,494,497,489,490,615400,490
2014-06-23,495,500,491,497,439100,497
2014-06-24,498,509,497,506,547800,506
2014-06-25,505,507,501,504,361300,504
2014-06-26,505,509,501,504,270400,504
2014-06-27,501,506,493,494,375700,494
2014-06-30,495,510,495,510,265100,510
2014-07-01,511,518,510,511,368300,511
2014-07-02,510,511,505,506,270500,506
2014-07-03,505,517,505,516,368400,516
2014-07-04,516,521,513,517,383300,517
2014-07-07,515,517,509,510,333000,510
2014-07-08,508,514,501,506,636300,506
2014-07-09,500,505,498,499,300900,499
2014-07-10,499,500,489,490,590800,490
2014-07-11,486,496,486,496,451300,496
2014-07-14,500,503,497,501,292000,501
2014-07-15,498,508,498,503,245700,503
2014-07-16,504,510,499,500,315800,500
2014-07-17,501,502,493,495,332700,495
2014-07-18,490,491,484,488,351300,488
2014-07-22,489,495,488,493,220300,493
2014-07-23,496,501,496,499,285400,499
2014-07-24,500,501,493,498,213600,498
2014-07-25,498,499,495,497,128600,497
2014-07-28,501,509,499,506,396200,506
2014-07-29,507,508,502,507,190000,507
2014-07-30,503,510,503,510,184700,510
2014-07-31,510,513,501,502,406500,502
2014-08-01,500,509,496,503,499500,503
2014-08-04,481,483,468,470,1095700,470
2014-08-05,470,471,462,464,780700,464
2014-08-06,465,470,463,466,669700,466
2014-08-07,466,471,460,470,550900,470
2014-08-08,467,471,460,462,412100,462
2014-08-11,474,475,469,475,423600,475
2014-08-12,475,478,470,475,319500,475
2014-08-13,475,478,472,478,233000,478
2014-08-14,478,478,472,476,224800,476
2014-08-15,476,478,474,478,161900,478
2014-08-18,479,486,478,484,250400,484
2014-08-19,488,488,479,483,222500,483
2014-08-20,485,486,480,482,199300,482
2014-08-21,483,483,464,474,1147400,474
2014-08-22,478,478,460,463,887200,463
2014-08-25,467,467,458,462,587800,462
2014-08-26,462,463,460,460,318300,460
2014-08-27,468,472,466,472,714200,472
2014-08-28,470,472,463,465,372200,465
2014-08-29,464,465,461,462,244000,462
2014-09-01,467,475,462,475,583400,475
2014-09-02,476,477,471,473,343300,473
2014-09-03,475,477,474,476,334100,476
2014-09-04,477,477,470,477,374200,477
2014-09-05,478,481,473,475,466700,475
2014-09-08,480,483,478,482,587700,482
2014-09-09,483,487,480,484,460400,484
2014-09-10,480,481,468,474,694000,474
2014-09-11,477,478,470,471,369500,471
2014-09-12,470,473,469,471,304600,471
2014-09-16,470,470,467,469,208700,469
2014-09-17,470,471,466,468,253800,468
2014-09-18,468,476,468,471,388300,471
2014-09-19,473,479,471,478,725800,478
2014-09-22,479,480,471,473,279100,473
2014-09-24,472,475,467,471,456600,471
2014-09-25,473,474,470,474,392000,474
2014-09-26,468,470,466,468,215200,468
2014-09-29,471,471,467,468,204500,468
2014-09-30,469,469,462,463,268500,463
2014-10-01,464,464,457,457,472600,457
2014-10-02,455,455,442,443,608100,443
2014-10-03,442,449,437,439,662000,439
2014-10-06,447,459,443,455,321900,455
2014-10-07,453,460,450,452,337600,452
2014-10-08,445,447,439,444,460600,444
2014-10-09,445,449,440,440,331200,440
2014-10-10,434,437,428,432,352500,432
2014-10-14,416,422,407,407,979600,407
2014-10-15,409,414,405,410,668200,410
2014-10-16,402,415,400,410,626600,410
2014-10-17,408,408,400,400,447900,400
2014-10-20,416,416,409,415,220000,415
2014-10-21,415,416,398,400,380800,400
2014-10-22,411,416,407,416,454000,416
2014-10-23,414,414,407,411,287300,411
2014-10-24,418,421,412,418,454800,418
2014-10-27,418,420,413,418,274600,418
2014-10-28,418,431,415,429,425400,429
2014-10-29,427,438,427,438,439900,438
2014-10-30,436,446,436,441,651300,441
2014-10-31,417,429,410,427,1500200,427
2014-11-04,440,451,431,451,1443600,451
2014-11-05,437,449,432,440,694100,440
2014-11-06,445,450,436,442,504400,442
2014-11-07,446,451,442,448,347000,448
2014-11-10,451,452,444,452,286100,452
2014-11-11,449,450,444,444,450600,444
2014-11-12,445,446,428,430,873300,430
2014-11-13,426,429,421,423,728600,423
2014-11-14,428,429,419,421,546000,421
2014-11-17,420,422,410,413,632000,413
2014-11-18,416,426,416,426,452500,426
2014-11-19,426,431,423,425,221000,425
2014-11-20,423,424,416,419,384900,419
2014-11-21,421,427,418,425,369200,425
2014-11-25,431,434,428,434,413900,434
2014-11-26,435,437,432,434,441700,434
2014-11-27,439,439,431,431,262800,431
2014-11-28,433,436,430,432,282100,432
2014-12-01,430,433,427,429,349200,429
2014-12-02,429,429,424,426,307100,426
2014-12-03,426,426,422,422,209000,422
2014-12-04,426,429,424,425,217300,425
2014-12-05,424,429,422,429,235200,429
2014-12-08,429,431,426,431,277000,431
2014-12-09,430,431,427,427,345300,427
2014-12-10,425,427,417,419,558100,419
2014-12-11,414,415,406,409,441900,409
2014-12-12,409,416,409,410,489500,410
2014-12-15,408,417,406,408,375900,408
2014-12-16,405,406,399,399,652600,399
2014-12-17,399,408,399,402,461700,402
2014-12-18,408,419,408,414,631000,414
2014-12-19,418,419,410,413,513300,413
2014-12-22,410,414,408,414,555600,414
2014-12-24,413,417,412,414,673100,414
2014-12-25,410,415,407,408,654200,408
2014-12-26,409,418,409,415,506700,415
2014-12-29,418,426,415,423,672100,423
2014-12-30,425,427,421,424,235400,424
2015-01-05,426,432,423,431,528100,431
2015-01-06,423,426,420,420,307200,420
2015-01-07,415,424,415,417,224800,417
2015-01-08,419,424,419,422,239800,422
2015-01-09,422,426,419,421,279300,421
2015-01-13,416,418,402,407,658200,407
2015-01-14,406,406,397,399,652600,399
2015-01-15,401,407,398,405,337100,405
2015-01-16,401,401,395,397,377200,397
2015-01-19,401,401,395,396,229100,396
2015-01-20,400,406,396,405,229800,405
2015-01-21,407,408,400,406,255200,406
2015-01-22,404,405,400,405,126100,405
2015-01-23,408,412,407,410,245800,410
2015-01-26,407,413,407,411,176200,411
2015-01-27,413,419,413,418,303800,418
2015-01-28,419,421,414,419,227800,419
2015-01-29,416,420,413,418,229600,418
2015-01-30,420,420,413,418,306000,418
2015-02-02,418,426,414,422,458900,422
2015-02-03,426,426,418,421,371700,421
2015-02-04,413,415,401,403,1030900,403
2015-02-05,405,410,401,409,937400,409
2015-02-06,411,412,404,409,566000,409
2015-02-09,412,422,411,422,567100,422
2015-02-10,422,430,421,429,683300,429
2015-02-12,432,434,428,428,727200,428
2015-02-13,432,434,429,431,448600,431
2015-02-16,434,441,433,441,537500,441
2015-02-17,441,444,438,444,448500,444
2015-02-18,448,449,444,446,547800,446
2015-02-19,445,448,440,447,526600,447
2015-02-20,448,450,445,448,346400,448
2015-02-23,450,453,443,446,360100,446
2015-02-24,448,452,444,451,295800,451
2015-02-25,452,452,438,442,588900,442
2015-02-26,445,452,443,449,334500,449
2015-02-27,448,449,443,446,239000,446
2015-03-02,446,449,443,449,260500,449
2015-03-03,446,449,441,443,273600,443
2015-03-04,443,447,439,446,226600,446
2015-03-05,443,445,440,441,244000,441
2015-03-06,440,445,440,443,259300,443
2015-03-09,441,446,439,444,334500,444
2015-03-10,445,446,442,444,209100,444
2015-03-11,444,449,441,449,289700,449
2015-03-12,450,452,443,449,344700,449
2015-03-13,453,455,449,453,551500,453
2015-03-16,453,454,448,453,311200,453
2015-03-17,457,457,451,456,494300,456
2015-03-18,458,458,453,456,175200,456
2015-03-19,456,457,451,453,178400,453
2015-03-20,452,454,440,448,640700,448
2015-03-23,450,457,450,456,346300,456
2015-03-24,457,464,456,457,514200,457
2015-03-25,460,460,441,447,715700,447
2015-03-26,444,449,442,445,390300,445
2015-03-27,440,447,433,436,387500,436
2015-03-30,436,438,427,436,460500,436
2015-03-31,440,448,436,440,366700,440
2015-04-01,436,440,428,430,289600,430
2015-04-02,433,438,431,436,243600,436
2015-04-03,435,440,434,439,133700,439
2015-04-06,436,440,435,437,95000,437
2015-04-07,436,440,432,433,268500,433
2015-04-08,434,436,432,433,231600,433
2015-04-09,433,433,425,426,536900,426
2015-04-10,427,431,424,429,288800,429
2015-04-13,430,437,426,431,313900,431
2015-04-14,431,436,431,436,273300,436
2015-04-15,432,438,431,433,213100,433
2015-04-16,431,437,431,436,330300,436
2015-04-17,425,430,415,417,2796300,417
2015-04-20,414,424,413,418,1110100,418
2015-04-21,422,424,420,421,592600,421
2015-04-22,424,427,419,420,898200,420
2015-04-23,421,424,420,420,583500,420
2015-04-24,423,424,420,420,359100,420
2015-04-27,421,421,416,419,539900,419
2015-04-28,420,424,418,423,546600,423
2015-04-30,421,424,420,421,471800,421
2015-05-01,422,423,416,417,533400,417
2015-05-07,418,428,418,425,714500,425
2015-05-08,417,420,412,416,1170400,416
2015-05-11,420,422,415,415,513900,415
2015-05-12,415,417,413,413,326800,413
2015-05-13,413,416,412,413,350300,413
2015-05-14,414,415,412,412,442200,412
2015-05-15,413,415,412,413,281400,413
2015-05-18,412,415,412,413,307500,413
2015-05-19,413,417,413,417,319500,417
2015-05-20,420,421,417,421,406900,421
2015-05-21,422,427,419,426,545800,426
2015-05-22,426,429,424,425,465500,425
2015-05-25,428,428,422,423,362000,423
2015-05-26,425,425,422,424,178700,424
2015-05-27,421,425,418,420,523700,420
2015-05-28,421,424,420,423,426200,423
2015-05-29,420,423,416,423,479600,423
2015-06-01,425,429,420,425,526500,425
2015-06-02,428,428,424,425,416300,425
2015-06-03,425,428,422,425,518900,425
2015-06-04,428,428,423,423,339200,423
2015-06-05,422,423,418,419,443000,419
2015-06-08,419,423,419,422,363000,422
2015-06-09,421,424,420,420,236800,420
2015-06-10,422,422,415,415,581900,415
2015-06-11,419,419,414,414,517300,414
2015-06-12,413,416,412,414,486400,414
2015-06-15,411,411,403,405,881000,405
2015-06-16,405,408,405,406,252000,406
2015-06-17,406,408,401,402,464600,402
2015-06-18,403,404,400,400,266700,400
2015-06-19,401,402,399,399,759900,399
2015-06-22,401,404,399,403,324500,403
2015-06-23,403,406,401,406,242100,406
2015-06-24,407,408,404,405,317000,405
2015-06-25,406,406,401,403,381600,403
2015-06-26,403,406,401,405,306400,405
2015-06-29,400,402,395,396,718500,396
2015-06-30,395,397,392,393,458100,393
2015-07-01,398,399,393,395,243800,395
2015-07-02,400,404,395,403,505600,403
2015-07-03,404,408,400,406,267700,406
2015-07-06,401,401,398,398,375800,398
2015-07-07,400,401,392,393,1083500,393
2015-07-08,392,394,388,388,745100,388
2015-07-09,380,382,367,381,761400,381
2015-07-10,384,387,378,383,423500,383
2015-07-13,382,389,379,385,649400,385
2015-07-14,391,395,391,393,440900,393
2015-07-15,392,394,390,392,246900,392
2015-07-16,390,392,387,390,314000,390
2015-07-17,390,391,384,387,354300,387
2015-07-21,386,386,376,376,1119100,376
2015-07-22,377,379,374,376,688500,376
2015-07-23,377,378,372,372,743100,372
2015-07-24,374,374,369,371,582200,371
2015-07-27,368,370,367,369,669900,369
2015-07-28,369,382,367,380,603500,380
2015-07-29,380,380,371,372,562700,372
2015-07-30,371,375,370,371,466000,371
2015-07-31,373,375,369,373,623100,373
2015-08-03,376,377,373,375,483000,375
2015-08-04,376,379,375,379,489200,379
2015-08-05,379,398,377,397,1342200,397
2015-08-06,395,404,394,401,787400,401
2015-08-07,397,407,396,404,746100,404
2015-08-10,400,401,393,397,457700,397
2015-08-11,402,405,398,404,354200,404
2015-08-12,399,402,395,399,414200,399
2015-08-13,395,405,395,403,442000,403
2015-08-14,403,403,399,402,234700,402
2015-08-17,401,410,400,406,507800,406
2015-08-18,409,409,403,406,227900,406
2015-08-19,406,406,399,401,142900,401
2015-08-20,397,402,393,394,353300,394
2015-08-21,385,387,376,379,651400,379
2015-08-24,368,376,362,363,665600,363
2015-08-25,359,361,342,349,747000,349
2015-08-26,350,357,346,348,738700,348
2015-08-27,353,353,339,341,1571700,341
2015-08-28,349,366,349,362,870300,362
2015-08-31,360,364,355,363,459600,363
2015-09-01,360,360,344,347,735800,347
2015-09-02,339,347,336,343,624300,343
2015-09-03,344,352,343,344,374300,344
2015-09-04,341,342,331,335,969900,335
2015-09-07,327,336,325,334,357400,334
2015-09-08,336,346,336,337,320300,337
2015-09-09,345,353,345,353,297600,353
2015-09-10,347,355,343,349,305600,349
2015-09-11,348,354,347,348,498700,348
2015-09-14,355,370,353,357,609700,357
2015-09-15,359,371,358,358,762100,358
2015-09-16,364,378,364,375,765600,375
2015-09-17,375,385,371,381,359800,381
2015-09-18,379,385,374,380,430200,380
2015-09-24,375,388,373,382,645400,382
2015-09-25,386,393,384,393,624000,393
2015-09-28,389,391,372,384,516800,384
2015-09-29,379,382,372,373,267200,373
2015-09-30,374,386,374,379,464600,379
2015-10-01,376,390,374,388,411300,388
2015-10-02,382,384,371,374,748200,374
2015-10-05,380,382,373,373,524100,373
2015-10-06,381,387,374,376,494500,376
2015-10-07,374,390,369,389,709400,389
2015-10-08,390,400,390,398,581500,398
2015-10-09,400,404,399,402,491200,402
2015-10-13,402,403,392,394,685300,394
2015-10-14,386,388,368,371,1165000,371
2015-10-15,367,373,363,366,1137400,366
2015-10-16,361,366,353,363,1301900,363
2015-10-19,366,371,359,360,663600,360
2015-10-20,358,363,350,353,723200,353
2015-10-21,354,361,353,357,601400,357
2015-10-22,357,361,354,355,949900,355
2015-10-23,359,359,353,355,1321800,355
2015-10-26,357,367,357,365,1137600,365
2015-10-27,368,380,368,370,1050200,370
2015-10-28,368,372,364,364,520300,364
2015-10-29,368,372,357,362,1643900,362
2015-10-30,359,362,351,355,1170100,355
2015-11-02,355,361,353,353,551800,353
2015-11-04,361,362,357,362,815100,362
2015-11-05,314,324,294,320,5402300,320
2015-11-06,323,324,317,320,1120400,320
2015-11-09,322,323,317,319,864600,319
2015-11-10,318,324,317,321,902400,321
2015-11-11,319,327,319,326,706600,326
2015-11-12,326,332,323,331,640600,331
2015-11-13,328,330,317,317,1480000,317
2015-11-16,319,323,316,321,712500,321
2015-11-17,325,329,324,325,482400,325
2015-11-18,328,328,321,324,230200,324
2015-11-19,327,329,324,328,317500,328
2015-11-20,329,331,326,331,282300,331
2015-11-24,323,324,312,320,1634400,320
2015-11-25,319,319,315,316,576900,316
2015-11-26,317,319,315,316,374200,316
2015-11-27,319,319,314,315,468100,315
2015-11-30,317,317,312,314,389900,314
2015-12-01,314,316,312,316,315300,316
2015-12-02,314,316,311,312,395500,312
2015-12-03,313,314,310,311,430000,311
2015-12-04,305,312,305,308,618900,308
2015-12-07,312,316,311,312,498800,312
2015-12-08,312,313,308,310,285200,310
2015-12-09,313,314,306,306,430400,306
2015-12-10,306,309,306,306,249500,306
2015-12-11,313,314,310,314,525300,314
2015-12-14,312,312,300,310,561800,310
2015-12-15,310,326,294,319,2499800,319
2015-12-16,319,324,315,321,1031000,321
2015-12-17,326,332,324,328,976800,328
2015-12-18,324,328,317,318,948000,318
2015-12-21,317,323,313,321,549000,321
2015-12-22,320,321,309,309,377200,309
2015-12-24,309,312,302,303,504200,303
2015-12-25,302,305,295,296,608900,296
2015-12-28,295,304,295,302,287000,302
2015-12-29,300,302,295,300,319800,300
2015-12-30,300,306,300,302,341700,302
2016-01-04,303,304,296,297,393500,297
2016-01-05,297,303,296,300,368700,300
2016-01-06,299,301,292,293,469900,293
2016-01-07,294,298,289,291,665400,291
2016-01-08,288,293,285,286,515600,286
2016-01-12,284,285,268,269,579200,269
2016-01-13,271,279,271,272,450100,272
2016-01-14,267,268,258,262,527100,262
2016-01-15,264,267,251,254,680000,254
2016-01-18,238,252,238,251,672400,251
2016-01-19,250,255,245,252,573600,252
2016-01-20,250,251,238,238,436900,238
2016-01-21,235,244,228,228,414500,228
2016-01-22,236,243,234,243,430200,243
2016-01-25,245,249,236,239,406500,239
2016-01-26,237,241,231,232,433700,232
2016-01-27,237,240,234,238,371100,238
2016-01-28,238,241,232,240,552100,240
2016-01-29,243,249,239,246,714600,246
2016-02-01,254,255,246,248,655300,248
2016-02-02,245,247,237,243,411200,243
2016-02-03,248,250,239,243,1009600,243
2016-02-04,237,243,231,231,477300,231
2016-02-05,230,234,227,230,555800,230
2016-02-08,226,228,223,225,385700,225
2016-02-09,211,218,209,210,633800,210
2016-02-10,210,217,206,209,596000,209
2016-02-12,203,205,189,189,879300,189
2016-02-15,199,212,196,205,818000,205
2016-02-16,207,229,207,225,827000,225
2016-02-17,225,237,225,234,679300,234
2016-02-18,240,245,235,242,460000,242
2016-02-19,239,242,226,229,531500,229
2016-02-22,226,240,226,240,464400,240
2016-02-23,243,246,240,242,372400,242
2016-02-24,239,245,236,237,262800,237
2016-02-25,241,248,240,246,294700,246
2016-02-26,249,249,236,238,308300,238
2016-02-29,241,246,234,234,273000,234
2016-03-01,237,240,231,235,328100,235
2016-03-02,245,248,241,246,248200,246
2016-03-03,245,250,244,250,270100,250
2016-03-04,249,263,249,263,323400,263
2016-03-07,266,272,265,269,350400,269
2016-03-08,270,270,256,260,247800,260
2016-03-09,257,260,246,247,249500,247
2016-03-10,252,257,250,254,169500,254
2016-03-11,249,263,249,261,281000,261
2016-03-14,264,271,264,270,193000,270
2016-03-15,275,277,270,277,261300,277
2016-03-16,274,275,267,270,295700,270
2016-03-17,273,281,267,269,384900,269
2016-03-18,269,273,259,273,433800,273
2016-03-22,277,281,272,273,246700,273
2016-03-23,273,276,267,269,144000,269
2016-03-24,267,272,265,267,173600,267
2016-03-25,281,281,270,275,437900,275
2016-03-28,281,281,271,279,260000,279
2016-03-29,277,283,275,283,185300,283
2016-03-30,283,283,273,275,222600,275
2016-03-31,278,281,269,270,211000,270
2016-04-01,275,275,260,261,325500,261
2016-04-04,261,266,252,255,167100,255
2016-04-05,252,252,237,237,262800,237
2016-04-06,233,239,229,230,392800,230
2016-04-07,231,235,227,228,182500,228
2016-04-08,223,242,223,237,231100,237
2016-04-11,240,245,233,244,209800,244
2016-04-12,245,259,245,251,338600,251
2016-04-13,254,261,254,258,168700,258
2016-04-14,261,271,259,269,267400,269
2016-04-15,265,268,263,265,129700,265
2016-04-18,258,267,255,265,294100,265
2016-04-19,270,281,268,281,281000,281
2016-04-20,282,293,281,289,368400,289
2016-04-21,293,294,287,289,204500,289
2016-04-22,287,297,286,296,261600,296
2016-04-25,299,299,290,294,140300,294
2016-04-26,296,300,291,295,403400,295
2016-04-27,297,298,295,295,218400,295
2016-04-28,292,300,275,285,316200,285
2016-05-02,271,285,268,269,183800,269
2016-05-06,269,275,262,267,170500,267
2016-05-09,259,265,258,259,262300,259
2016-05-10,256,271,256,268,267300,268
2016-05-11,266,268,240,242,859600,242
2016-05-12,237,239,234,235,302600,235
2016-05-13,236,239,224,224,408700,224
2016-05-16,228,232,224,226,221900,226
2016-05-17,230,232,226,232,210400,232
2016-05-18,232,237,229,232,263900,232
2016-05-19,233,237,233,233,206900,233
2016-05-20,234,240,233,240,178300,240
2016-05-23,241,243,235,242,131000,242
2016-05-24,242,254,242,253,335200,253
2016-05-25,259,265,255,263,357000,263
2016-05-26,267,268,252,254,458900,254
2016-05-27,252,257,250,255,261700,255
2016-05-30,257,260,255,259,152900,259
2016-05-31,259,270,259,270,525700,270
2016-06-01,270,275,267,269,287800,269
2016-06-02,266,267,253,255,233300,255
2016-06-03,255,260,252,255,175300,255
2016-06-06,247,256,244,254,253100,254
2016-06-07,255,259,254,256,105800,256
2016-06-08,256,256,246,251,191300,251
2016-06-09,248,250,239,239,188200,239
2016-06-10,240,240,233,235,459000,235
2016-06-13,230,230,224,225,259300,225
2016-06-14,223,225,216,217,240700,217
2016-06-15,215,221,214,218,222700,218
2016-06-16,214,216,206,207,290900,207
2016-06-17,212,221,210,220,206800,220
2016-06-20,222,226,208,220,365100,220
2016-06-21,217,224,215,224,146700,224
2016-06-22,225,225,219,223,176800,223
2016-06-23,222,233,220,233,176600,233
2016-06-24,239,239,210,220,568700,220
2016-06-27,222,222,212,215,326400,215
2016-06-28,210,220,204,217,259700,217
2016-06-29,217,218,210,210,453500,210
2016-06-30,211,213,198,199,759600,199
2016-07-01,200,201,195,196,610500,196
2016-07-04,199,199,195,197,511000,197
2016-07-05,198,198,192,193,374500,193
2016-07-06,190,193,184,186,559300,186
2016-07-07,184,189,183,184,333300,184
2016-07-08,183,187,181,181,353900,181
2016-07-11,186,196,185,195,410400,195
2016-07-12,200,202,196,199,625100,199
2016-07-13,206,207,200,204,392500,204
2016-07-14,202,205,199,204,265100,204
2016-07-15,200,209,200,207,524900,207
2016-07-19,209,209,201,206,208600,206
2016-07-20,204,206,199,202,199300,202
2016-07-21,204,208,201,204,218700,204
2016-07-22,200,203,199,203,338700,203
2016-07-25,204,212,203,209,381800,209
2016-07-26,206,210,202,206,429200,206
2016-07-27,210,215,209,209,271700,209
2016-07-28,210,213,208,209,375300,209
2016-07-29,208,213,205,212,443000,212
2016-08-01,207,211,203,206,280200,206
2016-08-02,206,210,203,205,300200,205
2016-08-03,194,196,187,187,1521300,187
2016-08-04,190,196,187,194,757500,194
2016-08-05,193,194,189,190,174300,190
2016-08-08,192,199,192,199,268600,199
2016-08-09,199,199,192,192,372400,192
2016-08-10,191,193,188,188,400600,188
2016-08-12,196,196,190,192,543900,192
2016-08-15,192,193,187,188,380100,188
2016-08-16,188,188,180,180,964800,180
2016-08-17,180,185,180,184,462600,184
2016-08-18,183,183,178,179,543300,179
2016-08-19,180,183,179,182,420000,182
2016-08-22,182,183,180,182,193100,182
2016-08-23,180,182,178,178,439500,178
2016-08-24,180,183,179,180,312500,180
2016-08-25,182,182,179,180,159200,180
2016-08-26,180,181,178,179,374100,179
2016-08-29,183,187,182,185,440800,185
2016-08-30,185,185,181,183,270400,183
2016-08-31,185,190,185,187,476000,187
2016-09-01,190,192,188,191,470500,191
2016-09-02,193,196,191,194,522600,194
2016-09-05,198,209,197,206,1463200,206
2016-09-06,205,221,205,217,1585000,217
2016-09-07,211,220,209,212,1021000,212
2016-09-08,213,213,200,202,1595400,202
2016-09-09,202,210,202,208,974300,208
2016-09-12,204,206,200,202,753900,202
2016-09-13,203,203,198,201,742900,201
2016-09-14,200,205,199,202,273000,202
2016-09-15,200,205,198,203,307600,203
2016-09-16,204,205,202,204,374700,204
2016-09-20,206,213,204,206,601500,206
2016-09-21,205,212,205,211,444200,211
2016-09-23,210,214,207,213,472300,213
2016-09-26,210,211,202,203,960800,203
2016-09-27,199,203,198,201,757200,201
2016-09-28,199,201,193,194,856800,194
2016-09-29,196,204,196,201,966500,201
2016-09-30,197,202,192,202,1037000,202
2016-10-03,206,206,199,200,597800,200
2016-10-04,201,204,200,201,259900,201
2016-10-05,203,210,201,208,927800,208
2016-10-06,211,211,207,208,458200,208
2016-10-07,208,209,205,208,505000,208
2016-10-11,210,210,205,206,352600,206
2016-10-12,204,206,199,200,482600,200
2016-10-13,200,203,197,197,650900,197
2016-10-17,201,203,198,200,231300,200
2016-10-19,199,200,198,199,170900,199
2016-10-20,200,201,197,199,345800,199
2016-10-21,200,200,197,198,590800,198
2016-10-24,200,201,198,199,384600,199
2016-10-25,201,202,198,199,765700,199
2016-10-26,200,200,196,198,823600,198
2016-10-27,200,200,198,198,499000,198
2016-10-28,198,200,196,197,1525000,197
2016-10-31,198,200,196,200,606100,200
2016-11-01,215,234,213,224,6283600,224
2016-11-02,227,235,221,233,4316600,233
2016-11-04,232,254,231,251,2992000,251
2016-11-07,251,272,251,263,3143300,263
2016-11-08,266,269,256,265,1765700,265
2016-11-09,268,269,242,254,2500300,254
2016-11-10,270,272,259,266,1553700,266
2016-11-11,270,276,265,265,1854000,265
2016-11-14,271,293,270,290,3320000,290
2016-11-15,292,292,283,290,1561400,290
2016-11-16,289,294,285,292,1057900,292
2016-11-17,288,292,286,289,1171400,289
2016-11-18,291,301,291,298,1484000,298
2016-11-21,298,305,295,302,1178000,302
2016-11-22,303,305,296,299,1159300,299
2016-11-24,304,305,298,303,1629000,303
2016-11-25,304,311,304,305,1433300,305
2016-11-28,304,307,299,306,802400,306
2016-11-29,302,305,302,304,542000,304
2016-11-30,304,308,302,307,994100,307
2016-12-01,311,313,305,305,947400,305
2016-12-02,305,305,294,296,1451900,296
2016-12-05,293,294,285,290,1166200,290
2016-12-06,290,295,287,289,1155100,289
2016-12-07,291,298,291,292,1102100,292
2016-12-08,297,305,296,303,722500,303
2016-12-09,305,309,304,308,929700,308
2016-12-12,312,317,308,312,967200,312
2016-12-13,311,312,305,306,832700,306
2016-12-14,309,310,306,307,369800,307
2016-12-15,309,317,308,313,1237300,313
2016-12-16,318,319,314,319,1348000,319
2016-12-19,319,319,310,313,1211900,313
2016-12-20,310,313,308,311,420400,311
2016-12-21,313,318,311,313,830200,313
2016-12-22,312,313,307,310,550200,310
2016-12-26,312,314,306,308,458700,308
2016-12-27,308,310,303,304,466400,304
2016-12-28,303,308,302,305,347600,305
2016-12-29,305,306,302,303,519600,303
2016-12-30,301,305,301,303,380500,303
2017-01-04,308,322,308,322,1512000,322
2017-01-05,322,324,316,320,668900,320
2017-01-06,313,316,312,314,940400,314
2017-01-10,315,320,315,316,604400,316
2017-01-11,319,320,316,319,388100,319
2017-01-12,316,319,314,315,537500,315
2017-01-13,315,316,314,315,315500,315
2017-01-16,315,316,311,315,592500,315
2017-01-17,315,315,306,307,451400,307
2017-01-18,303,311,300,310,484000,310
2017-01-19,313,319,312,319,436300,319
2017-01-20,317,320,314,318,329900,318
2017-01-23,314,316,312,313,240900,313
2017-01-24,313,315,311,312,243400,312
2017-01-25,316,316,314,314,248800,314
2017-01-26,318,318,311,316,526500,316
2017-01-27,317,317,311,312,430600,312
2017-01-30,311,312,307,308,524500,308
2017-01-31,304,307,301,303,732600,303
2017-02-01,301,312,301,312,434600,312
2017-02-02,314,320,310,319,998100,319
2017-02-03,303,307,277,282,3990500,282
2017-02-06,281,286,276,277,1443100,277
2017-02-07,275,276,264,266,1800000,266
2017-02-08,266,273,265,273,892500,273
2017-02-09,271,273,267,271,826100,271
2017-02-10,273,276,272,276,740900,276
2017-02-13,279,281,264,269,2061300,269
2017-02-14,271,273,267,269,1248400,269
2017-02-15,270,275,270,274,613000,274
2017-02-16,275,282,274,282,1073600,282
2017-02-17,280,287,279,285,981900,285
2017-02-20,285,287,283,284,571100,284
2017-02-21,283,287,280,284,746700,284
2017-02-22,286,290,284,289,507500,289
2017-02-23,289,289,286,288,466500,288
2017-02-24,287,292,285,292,708800,292
2017-02-27,291,303,291,301,1844200,301
2017-02-28,302,309,300,307,1294900,307
2017-03-01,310,317,307,315,1673600,315
2017-03-02,319,323,318,323,1286300,323
2017-03-03,323,332,322,327,1659600,327
2017-03-06,334,334,322,327,852600,327
2017-03-07,327,327,323,325,440700,325
2017-03-08,324,330,318,329,992100,329
2017-03-09,330,339,328,339,859100,339
2017-03-10,342,348,340,345,1178500,345
2017-03-13,349,354,349,353,1059500,353
2017-03-14,356,375,355,375,2599800,375
2017-03-15,385,389,371,378,2889800,378
2017-03-16,378,394,367,394,2303300,394
2017-03-17,390,396,384,387,1817400,387
2017-03-21,382,388,375,381,1382100,381
2017-03-22,371,375,368,373,1164300,373
2017-03-23,373,373,361,363,1026400,363
2017-03-24,363,369,360,361,1077100,361
2017-03-27,357,358,347,352,1221900,352
2017-03-28,352,361,349,360,914100,360
2017-03-29,369,373,355,360,844600,360
2017-03-30,354,354,346,349,846100,349
2017-03-31,351,358,348,348,809900,348
2017-04-03,346,347,332,337,1053500,337
2017-04-04,332,339,327,331,933600,331
2017-04-05,329,330,319,322,1037700,322
2017-04-06,321,325,313,314,1047700,314
2017-04-07,314,322,310,314,1114900,314
2017-04-10,315,318,311,315,683200,315
2017-04-11,312,314,308,310,468800,310
2017-04-12,308,308,301,306,678200,306
2017-04-13,305,312,305,311,868900,311
2017-04-14,309,311,304,310,826600,310
2017-04-17,306,306,298,303,567500,303
2017-04-18,308,315,305,307,531100,307
2017-04-19,306,308,302,305,655000,305
2017-04-20,305,312,305,307,413900,307
2017-04-21,312,319,309,318,669600,318
2017-04-24,322,324,310,311,802000,311
2017-04-25,313,326,310,326,899400,326
2017-04-26,333,340,326,329,1228500,329
2017-04-27,330,331,326,331,583200,331
2017-04-28,360,360,343,356,1908500,356
2017-05-01,355,364,350,362,1343500,362
2017-05-02,365,369,361,366,1158100,366
2017-05-08,373,383,373,375,1291300,375
2017-05-09,374,375,369,373,589200,373
2017-05-10,374,375,370,375,618900,375
2017-05-11,375,375,346,371,1217200,371
2017-05-12,376,390,372,379,2627200,379
2017-05-15,376,400,375,400,2811200,400
2017-05-16,402,414,402,404,1865600,404
2017-05-17,402,405,388,390,1242700,390
2017-05-18,378,390,378,382,1391000,382
2017-05-19,381,384,373,375,884500,375
2017-05-22,378,383,375,377,799700,377
2017-05-23,376,382,374,374,706100,374
2017-05-24,377,388,376,378,1086300,378
2017-05-25,375,378,367,375,1045600,375
2017-05-26,374,374,363,366,1152300,366
2017-05-29,367,367,354,354,1100800,354
2017-05-30,355,356,349,355,1018400,355
2017-05-31,355,356,349,350,907300,350
2017-06-01,349,352,343,351,971400,351
2017-06-02,354,363,353,362,1074300,362
2017-06-05,364,366,350,353,1245300,353
2017-06-06,351,360,349,349,1159500,349
2017-06-07,348,354,346,354,554900,354
2017-06-08,358,364,352,352,1105200,352
2017-06-09,353,359,352,356,1041800,356
2017-06-12,357,365,357,364,1040700,364
2017-06-13,364,369,363,365,847400,365
2017-06-14,368,369,361,362,585900,362
2017-06-15,360,360,348,349,1197900,349
2017-06-16,356,356,343,345,1554900,345
2017-06-19,346,349,344,348,605800,348
2017-06-20,356,356,348,349,626200,349
2017-06-21,346,348,343,343,787800,343
2017-06-22,342,345,341,344,502000,344
2017-06-23,347,348,340,341,543900,341
2017-06-26,338,343,336,337,525600,337
2017-06-27,343,353,341,353,1438100,353
2017-06-28,351,356,346,348,945000,348
2017-06-29,350,352,348,350,733800,350
2017-06-30,352,354,345,352,1334900,352
2017-07-03,355,358,352,358,939400,358
2017-07-04,360,365,355,360,969200,360
2017-07-05,360,361,354,357,673400,357
2017-07-06,360,370,359,368,1096000,368
2017-07-07,364,371,360,367,779100,367
2017-07-10,373,375,370,373,478400,373
2017-07-11,374,375,371,372,507600,372
2017-07-12,370,376,368,376,738900,376
2017-07-13,378,382,376,381,699700,381
2017-07-14,381,391,381,384,962300,384
2017-07-18,384,384,375,378,613700,378
2017-07-19,379,380,369,369,754200,369
2017-07-20,369,374,367,368,468600,368
2017-07-21,366,368,364,367,389600,367
2017-07-24,366,376,364,375,745900,375
2017-07-25,378,382,372,375,651100,375
2017-07-26,377,382,375,376,594200,376
2017-07-27,376,381,375,375,680600,375
2017-07-28,376,376,363,365,1024700,365
2017-07-31,365,369,362,366,538800,366
2017-08-01,368,388,368,386,2282800,386
2017-08-02,389,398,388,396,1448700,396
2017-08-03,398,398,389,396,720600,396
2017-08-04,395,407,392,403,1386700,403
2017-08-07,380,382,356,367,4440700,367
2017-08-08,368,368,355,358,2808600,358
2017-08-09,355,355,341,344,4652500,344
2017-08-10,343,351,338,340,2094100,340
2017-08-14,336,337,328,329,1157500,329
2017-08-15,337,337,328,329,1203700,329
2017-08-16,331,332,326,330,860600,330
2017-08-17,330,330,326,328,822200,328
2017-08-18,325,325,320,322,913000,322
2017-08-21,325,326,318,322,969300,322
2017-08-22,325,327,321,327,923800,327
2017-08-23,332,333,324,327,866700,327
2017-08-24,327,338,325,334,1441800,334
2017-08-25,337,338,328,333,726200,333
2017-08-28,334,338,329,338,921300,338
2017-08-29,331,345,331,341,1230100,341
2017-08-30,344,353,343,348,1591000,348
2017-08-31,351,351,345,350,963900,350
2017-09-01,351,357,347,357,1248900,357
2017-09-04,352,353,345,349,1143200,349
2017-09-05,349,352,341,346,1251300,346
2017-09-06,340,353,336,349,1872200,349
2017-09-07,352,353,349,351,838200,351
2017-09-08,350,357,342,344,1095100,344
2017-09-11,350,352,345,348,782200,348
2017-09-12,352,357,349,355,1563600,355
2017-09-13,360,372,359,367,3016200,367
2017-09-14,367,367,348,349,1427400,349
2017-09-15,348,353,345,350,1043900,350
2017-09-19,355,359,354,358,656200,358
2017-09-20,360,363,356,360,814600,360
2017-09-21,365,365,359,361,823800,361
2017-09-22,361,375,361,364,1719100,364
2017-09-25,364,375,363,374,1809100,374
2017-09-26,371,378,368,377,1071600,377
2017-09-27,377,384,372,383,824100,383
2017-09-28,383,387,379,385,1220100,385
2017-09-29,386,386,382,385,796200,385
2017-10-02,385,386,377,382,908700,382
2017-10-03,385,389,380,388,813900,388
2017-10-04,389,393,384,390,822500,390
2017-10-05,389,394,385,389,753600,389
2017-10-06,387,388,381,383,868900,383
2017-10-10,382,384,378,378,626700,378
2017-10-11,376,377,369,372,1012100,372
2017-10-12,372,375,369,373,1478000,373
2017-10-13,374,375,369,372,1148000,372
2017-10-16,372,374,369,372,874600,372
2017-10-17,373,376,371,373,885200,373
2017-10-18,376,376,367,369,1157100,369
2017-10-19,372,375,369,370,731900,370
2017-10-20,367,368,361,363,1400700,363
2017-10-23,367,377,366,376,1219200,376
2017-10-24,375,384,373,383,998900,383
2017-10-25,384,389,380,385,1170600,385
2017-10-26,385,386,378,384,771300,384
2017-10-27,384,387,380,386,743700,386
2017-10-30,388,390,385,387,743100,387
2017-10-31,385,388,383,385,635000,385
2017-11-01,387,387,376,383,1159000,383
2017-11-02,385,386,381,382,650200,382
2017-11-06,388,389,381,381,917200,381
2017-11-07,369,373,358,373,3347600,373
2017-11-08,365,373,355,372,2478900,372
2017-11-09,371,372,357,361,2212200,361
2017-11-10,359,365,358,360,1628000,360
2017-11-13,357,366,356,365,1534600,365
2017-11-15,358,360,342,345,1529200,345
2017-11-16,344,351,342,348,796200,348
2017-11-17,354,358,352,356,990600,356
2017-11-20,352,361,351,357,635700,357
2017-11-21,355,358,352,356,1042600,356
2017-11-22,353,357,350,355,825400,355
2017-11-24,351,355,346,346,1192900,346
2017-11-27,345,349,341,342,1093400,342
2017-11-28,341,344,335,336,1224300,336
2017-11-29,339,345,334,336,919100,336
2017-11-30,337,342,333,342,1255800,342
2017-12-01,344,345,337,337,766900,337
2017-12-04,340,340,335,335,586900,335
2017-12-05,335,337,333,335,599700,335
2017-12-06,333,334,326,327,1107100,327
2017-12-07,327,330,326,327,625400,327
2017-12-08,329,334,327,329,752600,329
2017-12-11,331,334,328,334,631400,334
2017-12-12,331,333,323,324,2632100,324
2017-12-13,325,325,315,317,2548600,317
2017-12-14,315,317,313,316,1277100,316
2017-12-15,318,318,307,309,2004600,309
2017-12-18,308,310,308,309,913100,309
2017-12-19,309,309,304,304,2230800,304
2017-12-20,309,321,308,319,3447500,319
2017-12-21,318,319,308,312,3693200,312
2017-12-22,313,315,306,309,2520000,309
2017-12-25,311,314,308,308,1261200,308
2017-12-26,310,310,307,310,1088300,310
2017-12-27,309,315,309,311,857400,311
2017-12-28,312,313,308,310,1123200,310
2017-12-29,308,311,308,308,856200,308
2018-01-04,311,314,310,311,2106700,311
2018-01-05,313,317,311,315,1634300,315
2018-01-09,323,339,320,338,7607400,338
2018-01-10,346,348,333,340,6237300,340
2018-01-11,335,338,333,338,1984500,338
2018-01-12,339,340,335,335,1312200,335
2018-01-15,338,338,328,329,2321100,329
2018-01-16,328,329,323,327,2065500,327
2018-01-17,326,326,321,321,1236800,321
2018-01-18,326,326,319,319,1507200,319
2018-01-19,320,320,315,317,1215100,317
2018-01-22,318,319,315,318,1207700,318
2018-01-23,322,326,320,325,1378500,325
2018-01-24,325,329,323,327,1396900,327
2018-01-25,327,327,323,326,1162200,326
2018-01-26,327,328,321,323,1129600,323
2018-01-29,320,327,319,326,1461000,326
2018-01-30,325,325,320,323,1469400,323
2018-01-31,320,325,320,321,1244300,321
2018-02-01,323,324,320,323,1141900,323
2018-02-02,322,328,322,324,1573800,324
2018-02-05,318,323,316,316,1909900,316
2018-02-06,297,302,290,300,4125700,300
2018-02-07,315,315,307,311,2047000,311
2018-02-08,310,322,300,302,4110300,302
2018-02-09,287,298,284,297,1932400,297
2018-02-13,300,305,295,300,1551300,300
2018-02-14,298,299,285,290,1751200,290
2018-02-15,292,297,290,293,966500,293
2018-02-16,295,298,293,295,852000,295
2018-02-19,298,312,297,308,1094400,308
2018-02-20,308,318,308,318,1371700,318
2018-02-21,317,318,307,308,1803400,308
2018-02-22,305,305,297,298,1906300,298
2018-02-23,299,310,297,307,1635500,307
2018-02-26,310,312,307,309,594900,309
2018-02-27,312,313,305,307,1229400,307
2018-02-28,306,310,303,303,970300,303
2018-03-01,302,302,296,297,1394600,297
2018-03-02,293,293,286,289,1613300,289
2018-03-05,287,289,273,276,2563400,276
2018-03-06,282,287,281,283,1173100,283
2018-03-07,279,279,272,274,1446400,274
2018-03-08,277,279,274,275,709300,275
2018-03-09,279,281,274,278,1075400,278
2018-03-12,281,288,281,287,1230700,287
2018-03-13,284,290,282,290,800100,290
2018-03-14,285,289,285,287,620300,287
2018-03-15,285,285,277,284,1026400,284
2018-03-16,283,285,280,282,650000,282
2018-03-19,280,281,275,278,827100,278
2018-03-20,274,285,273,283,838800,283
2018-03-22,280,281,269,271,2044000,271
2018-03-23,261,264,260,261,1721400,261
2018-03-26,257,258,249,257,1683100,257
2018-03-27,262,272,260,270,1540700,270
2018-03-28,264,272,264,271,708300,271
2018-03-29,279,281,273,277,1259100,277
2018-03-30,280,287,278,286,1223500,286
2018-04-02,286,289,285,285,642700,285
2018-04-03,280,286,277,285,916000,285
2018-04-04,287,290,285,288,711000,288
2018-04-05,291,293,284,286,752400,286
2018-04-06,287,290,282,283,642400,283
2018-04-09,282,285,280,281,419300,281
2018-04-10,281,285,274,285,907100,285
2018-04-11,286,289,285,286,762500,286
2018-04-12,286,286,280,281,501800,281
2018-04-13,282,290,282,290,739200,290
2018-04-16,289,291,284,288,670200,288
2018-04-17,288,289,281,284,742400,284
2018-04-18,286,288,282,283,966400,283
2018-04-19,285,287,282,282,1068400,282
2018-04-20,283,285,280,282,783900,282
2018-04-23,284,287,282,284,999700,284
2018-04-24,286,288,284,288,822600,288
2018-04-25,287,288,285,288,591900,288
2018-04-26,289,290,286,287,491200,287
2018-04-27,287,288,279,282,1000000,282
2018-05-01,283,289,281,288,673300,288
2018-05-02,288,288,285,288,677300,288
2018-05-07,289,289,284,288,555500,288
2018-05-08,285,287,279,286,1260800,286
2018-05-09,254,264,254,255,3553000,255
2018-05-10,255,256,251,251,1761500,251
2018-05-11,251,255,248,255,1616700,255
2018-05-14,256,256,251,254,711300,254
2018-05-15,255,258,254,258,708800,258
2018-05-16,255,257,255,257,455600,257
2018-05-17,257,257,254,255,718600,255
2018-05-18,255,255,252,254,897800,254
2018-05-21,255,256,253,253,434900,253
2018-05-22,254,254,251,251,609800,251
2018-05-23,251,252,241,242,2230900,242
2018-05-24,242,243,232,232,1583000,232
2018-05-25,231,232,225,226,1947300,226
2018-05-28,228,229,222,224,861100,224
2018-05-29,227,227,219,220,1278000,220
2018-05-30,217,217,210,213,2168600,213
2018-05-31,216,216,210,214,1050900,214
2018-06-01,214,224,213,219,1599500,219
2018-06-04,221,229,220,229,1364800,229
2018-06-05,231,232,227,229,1418500,229
2018-06-06,227,236,225,234,1255500,234
2018-06-07,236,238,235,237,753000,237
2018-06-08,236,238,235,236,677700,236
2018-06-11,235,236,230,230,865500,230
2018-06-12,230,232,229,229,745000,229
2018-06-13,240,309,240,309,28498500,309
2018-06-14,364,374,333,348,198704700,348
2018-06-15,351,361,336,341,88662300,341
2018-06-18,365,381,319,323,121422500,323
2018-06-19,324,326,302,303,39624000,303
2018-06-20,303,308,286,296,19235400,296
2018-06-21,297,309,293,301,9926600,301
2018-06-22,294,301,291,298,5678200,298
2018-06-25,298,303,283,286,5413300,286
2018-06-26,279,289,275,278,6130100,278
2018-06-27,276,285,273,276,3898500,276
2018-06-28,275,276,268,270,3807600,270
2018-06-29,268,274,264,269,3785600,269
2018-07-02,268,274,260,261,3727500,261
2018-07-03,260,262,252,256,4211000,256
2018-07-04,253,257,249,254,3323300,254
2018-07-05,254,260,248,249,3230800,249
2018-07-06,251,261,250,260,2808100,260
2018-07-09,258,264,256,263,2437900,263
2018-07-10,265,267,256,256,2834600,256
2018-07-11,254,254,245,251,3307600,251
2018-07-12,253,256,248,253,2323400,253
2018-07-13,256,256,251,253,1778700,253
2018-07-17,253,253,248,248,2176800,248
2018-07-18,250,275,249,270,7058600,270
2018-07-19,279,282,265,266,7498000,266
2018-07-20,265,268,259,262,3025900,262
2018-07-23,258,258,251,256,1952300,256
2018-07-24,260,271,257,266,2905800,266
2018-07-25,267,273,263,270,2193200,270
2018-07-26,271,279,270,274,2803200,274
2018-07-27,276,276,266,272,2714500,272
2018-07-30,269,276,268,272,1404900,272
2018-07-31,274,281,273,276,3370800,276
2018-08-01,278,279,269,271,2176700,271
2018-08-02,272,277,272,272,2116900,272
2018-08-03,272,273,268,271,1946700,271
2018-08-06,240,255,240,251,6324400,251
2018-08-07,252,253,250,252,1112100,252
2018-08-08,250,255,250,250,1377200,250
2018-08-09,250,255,250,253,807000,253
2018-08-10,252,254,248,248,1736300,248
2018-08-13,246,247,239,239,1711000,239
2018-08-14,238,242,237,238,1838700,238
2018-08-15,242,242,231,232,1607400,232
2018-08-16,228,230,225,227,1687600,227
2018-08-17,230,235,229,235,809300,235
2018-08-20,235,237,231,233,751900,233
2018-08-21,230,233,228,229,666100,229
2018-08-22,228,239,228,237,1001900,237
2018-08-23,237,239,231,232,702300,232
2018-08-24,235,237,231,235,738400,235
2018-08-27,237,247,235,244,1234300,244
2018-08-28,260,261,244,244,3218200,244
2018-08-29,245,252,245,252,1263800,252
2018-08-30,254,255,247,248,1244700,248
2018-08-31,245,257,245,254,1930600,254
2018-09-03,254,254,245,246,1233600,246
2018-09-04,246,247,242,243,917200,243
2018-09-05,243,248,243,245,729400,245
2018-09-06,244,246,239,241,1067400,241
2018-09-07,237,240,236,239,771600,239
2018-09-10,239,246,239,243,689400,243
2018-09-11,243,244,239,240,593300,240
2018-09-12,237,239,230,231,1520600,231
2018-09-13,232,238,232,237,807700,237
2018-09-14,237,241,236,239,807000,239
2018-09-18,237,247,237,247,1272900,247
2018-09-19,249,252,247,252,1533400,252
2018-09-20,252,255,247,248,868300,248
2018-09-21,252,254,250,252,1174500,252
2018-09-25,252,257,252,257,1089100,257
2018-09-26,258,261,255,261,1005600,261
2018-09-27,261,262,253,256,1435500,256
2018-09-28,260,261,254,256,1190300,256
2018-10-01,257,258,253,257,600000,257
2018-10-02,258,261,252,252,1743700,252
2018-10-03,252,254,245,245,1217800,245
2018-10-04,247,249,241,241,1177600,241
2018-10-05,240,242,238,239,891200,239
2018-10-09,237,241,235,239,797800,239
2018-10-10,242,248,241,243,987800,243
2018-10-11,235,237,230,233,2232000,233
2018-10-12,231,238,230,237,1349200,237
2018-10-15,237,238,232,234,775600,234
2018-10-16,233,238,233,237,674800,237
2018-10-17,241,249,239,243,1071500,243
2018-10-18,243,245,239,239,587800,239
2018-10-19,234,235,229,229,1854400,229
2018-10-22,230,233,227,230,902400,230
2018-10-23,229,232,229,231,628300,231
2018-10-24,233,235,230,233,755100,233
2018-10-25,226,228,223,224,1509400,224
2018-10-26,226,230,221,223,1315800,223
2018-10-29,222,226,216,216,1536100,216
2018-10-30,213,231,211,223,2905100,223
2018-10-31,226,231,224,227,1388800,227
2018-11-01,228,229,224,228,602400,228
2018-11-02,230,231,226,230,740600,230
2018-11-05,229,233,226,231,730700,231
2018-11-06,233,241,232,238,1331900,238
2018-11-07,240,242,230,230,1259500,230
2018-11-08,236,238,231,233,966200,233
2018-11-09,230,235,214,215,4707900,215
2018-11-12,214,216,193,194,7006100,194
2018-11-13,201,215,197,209,4915500,209
2018-11-14,215,225,212,212,4373800,212
2018-11-15,210,212,208,208,1574600,208
2018-11-16,208,208,201,201,1271100,201
2018-11-19,201,209,199,207,1107800,207
2018-11-20,203,211,202,209,884000,209
2018-11-21,206,211,206,209,1237900,209
2018-11-22,210,210,206,209,776100,209
2018-11-26,208,213,208,211,733000,211
2018-11-27,213,216,212,214,835500,214
2018-11-28,214,216,212,213,1041600,213
2018-11-29,216,216,212,212,747200,212
2018-11-30,213,218,212,218,1178800,218
2018-12-03,219,245,219,234,5427700,234
2018-12-04,234,238,228,237,1879300,237
2018-12-05,230,237,230,234,1062900,234
2018-12-06,231,236,226,227,1288800,227
2018-12-07,229,231,224,227,782800,227
2018-12-10,222,223,215,216,1291000,216
2018-12-11,215,216,205,207,1012800,207
2018-12-12,211,215,208,212,1293800,212
2018-12-13,210,213,208,209,990000,209
2018-12-14,207,214,207,208,1060900,208
2018-12-17,205,208,200,200,1557300,200
2018-12-18,194,200,193,198,2859600,198
2018-12-19,194,199,193,195,1663600,195
2018-12-20,193,195,188,188,2239400,188
2018-12-21,188,191,180,181,2184400,181
2018-12-25,171,172,165,166,2290800,166
2018-12-26,167,175,167,173,1907000,173
2018-12-27,183,184,175,182,1563600,182
2018-12-28,180,187,179,183,1145800,183
